1978,The Police,Roxanne (von Ma & Pa),https://open.spotify.com/track/3EYOJ48Et32uATr9ZmLnAo
1967,The Rolling Stones,Ruby Tuesday (von Ma & Pa),https://open.spotify.com/track/4hupcimlg3UBbW1kAQ6vrT
1977,Bob Marley & the Wailers,Jamming (von Ma & Pa),https://open.spotify.com/track/3GIChxHmuLmBm5PTNZGDtj
1967,Jefferson Airplane,Somebody To Love (von Ma & Pa),https://open.spotify.com/track/4uGIJG1jYFonGc4LGp5uQL
1967,The Doors,Breack on Through (von Ma & Pa),https://open.spotify.com/track/6ToM0uwxtPKo9CMpbPGYvM
1967,Jimi Hendrix,Purple Haze (von Ma & Pa),https://open.spotify.com/track/0wJoRiX5K5BxlqZTolB2LD
1996,Spice Girls,Wannabe (von Ma & Pa),https://open.spotify.com/track/1Je1IMUlBXcx1Fz0WE7oPT
1969,John Lennon & Yoko Ono,Give Peace A Chance (von Ma & Pa),https://open.spotify.com/track/6OyqxbsabgNNzx2O2La01M
2025,Billy Steirisch,Sailor Moon (von Sämi),https://open.spotify.com/track/0AeMX9pnxXxjaDiDsrm5i9
1973,La Cage Aux Folles,I Am What I Am (von Sämi),https://open.spotify.com/track/44lyHkvG4Ucu8RS1aPLop3
2024,Ellie Cottino,Profumi DiVersi (von Sämi),https://open.spotify.com/track/2ImswUYIGgmAOtL3VcF58C
1975,Rod Stewart,Sailing (von Sarah),https://open.spotify.com/track/6OuRbvP4PgbuzBIapVzmFJ
2001,Umberto Tozzi & Raf,Gente Di Mare (von Sarah),https://open.spotify.com/track/6qdxrFxVkUd0bq5P6J132z
1999,Die Prinzen,Eine Insel Mit Zwei Bergen (von Martha),https://open.spotify.com/track/72R1SqlpgpKEoVHVf2cmf1
1973,Bandiera Rossa,Bella Ciao (von Martha),https://open.spotify.com/track/5vUoJGjCjjA7bDEV5oUk8J
2004,Snoop Dogg & Pharrell Williams ,Drop It Like It's Hot (von Martha),https://open.spotify.com/track/2NBQmPrOEEjA8VbeWOQGxO
1999,Mirkos Liederbande,Schokolade (von Sämi),https://open.spotify.com/track/3BXvTgDlxcanYQ91cXOUFM
1998,Studio Braun,Motorsäge (von Andi),https://open.spotify.com/track/4MzMuQqqnwU4WWiAHY3fkB
2002,Manu Chao,Pinocchio (von Andi),https://open.spotify.com/track/4DDLq8bU4IZvlK4sdwGPXR
2025,Hazel Brugger & Sandra Studer & Petra Mede,Made in Switzerland (von Annamaria ),https://open.spotify.com/track/37OthWMtTnnEYyXZXndNKF
1986,David Bowie,Underground  (von Cathrin),https://open.spotify.com/track/7aWKoiVtoKemrmehUGYH0i
2007,Shout Out Louds,Impossible  (von Cessy),https://open.spotify.com/track/6N6PSTxRJvsQkrItKgi7ek
1973,Toots & The Maytals,54-64 Was My Number (von Dani),https://open.spotify.com/track/1q8gelFgFYUwoWpQV7WNCe
1976,Bob Marley & the Wailers,Positive Vibrations (von Dani),https://open.spotify.com/track/2eHOlLD5glnSYlfWXYGTbd
1976,Peter Tosh,Legalize it (von Dani),https://open.spotify.com/track/73lYI49LhfsscO33ohrGN0
2023,Dua Lipa,Houdini (von Darko),https://open.spotify.com/track/4OMJGnvZfDvsePyCwRGO7X
1979,The Clash,London Calling (von Dave),https://open.spotify.com/track/124Y9LPRCAz3q2OP0iCvcJ
1998,Agnostic Front,Gotta Go (von Dave),https://open.spotify.com/track/4cMbAP64BETo4dBW8GUwYD
1998,Massive Attack & Horace Andy,Angel (von Dave),https://open.spotify.com/track/7uv632EkfwYhXoqf8rhYrg
1982,Queen,Under Pressure  (von David),https://open.spotify.com/track/2fuCquhmrzHpu5xcA1ci9x
2019,Lizzo,Boys (von Dora),https://open.spotify.com/track/1ITsmuChPVC05ogvorAyVu
2026,Kapellmeister Ehrenhöfer,Funke (von Dora),https://open.spotify.com/track/464xlaLXljDtWMyQQHElqR
1974,ABBA,Waterloo (von Eurovision ),https://open.spotify.com/track/3Dy4REq8O09IlgiwuHQ3sk
1979,Dschingis Khan,Dschingis Khan (von Eurovision ),https://open.spotify.com/track/5QRPvnpinLS0eO9cxxtvdu
2024,Nemo,The Code (von Eurovision ),https://open.spotify.com/track/1EjIXKhNHI00ZLMRpS8iz8
2025,JJ,Wasted Love (von Eurovision ),https://open.spotify.com/track/321yySUTzRXUbzkRTeTzDB
2025,KAJ,Bara Bada Bastu (von Eurovision ),https://open.spotify.com/track/2gThkoApt6B7ajBWZRLAVv
2007,Natasha Bedingfield,Pocket Full of Sunshine  (von Eva),https://open.spotify.com/track/1uigwk5hNV84zRd5YQQRTk
1998,Liquido,Narcotic (von Ingrid),https://open.spotify.com/track/6esrIQuXxZaThJbYtPIppl
1990,MC Hammer,U Can't Touch This (von Jana),https://open.spotify.com/track/1B75hgRqe7A4fwee3g3Wmu
2001,Manu Chao,Me Gustas Tu (von Kaja),https://open.spotify.com/track/6b37xrsNCWYIUphFBazqD6
2001,Noir Désir,Le vent nous portera (von Kaja),https://open.spotify.com/track/2ZQVJD9I6GCqXmkmMuEoLa
2001,PeterLicht,Sonnendeck (von Kaja),https://open.spotify.com/track/75jSpwHDakoTAR9oZwU2mI
2001,Stereo Total,Liebe zu dritt (von Kaja),https://open.spotify.com/track/3zOD4xLGEacfjxPfhagpnB
2006,Die Goldenen Zitronen,Wenn ich ein Turnschuh wär (von Kaja),https://open.spotify.com/track/6PskxqSxzwlAgrQVF0GMSM
2006,Nouvelle Vague & Mélanie Pain,Dance With Me (von Kaja),https://open.spotify.com/track/5GbMqjJsup0Dud61ncXlcq
2006,The Whitest Boy Alive,Burning (von Kaja),https://open.spotify.com/track/0QgR03vMDoBoLgcu08EtKl
2018,[dunkelbunt] & Amsterdam Klezmer Band,La Revedere (von Kaja),https://open.spotify.com/track/0DMG7YOOZyYLhRUptaxoZB
1982,Michael Jackson,Thriller  (von Kathi),https://open.spotify.com/track/2LlQb7Uoj1kKyGhlkBf9aC
2001,Train,Drops of Jupiter  (von Kathi),https://open.spotify.com/track/2hKdd3qO7cWr2Jo0Bcs0MA
2013,Katy Perry,This Is How We Do (von Kedar),https://open.spotify.com/track/5vL0yvddknhGj7IrBc6UTj
1964,Frank Sinatra,Fly Me to the Moon (von Lara),https://open.spotify.com/track/1PVTvvxpSkyJWemW1CwVVk
2014,Die Peheiros,Wasser ist zum Waschen da (von Lara),https://open.spotify.com/track/06UDpuyLv7vgKnAa94SCEV
2015,Sookee & Ben Dana & Mal Élevé,Links Aussen (von Lara),https://open.spotify.com/track/6zDFVt6SmmR1fpueOhdudT
2016,Granada,Wien wort auf di (von Lara),https://open.spotify.com/track/6eqVoI1ijJJRKoVRr5BjZr
2021,Måneskin,I Wanna Be Your Slave (von Lara),https://open.spotify.com/track/4pt5fDVTg5GhEvEtlz9dKk
2005,Amadou & Mariam & Manu Chao,Senegal Fast Food (von Lennart),https://open.spotify.com/track/4UP2cLNgUjPzCHKS92pp2U
1950,Ella Fitzgerald,Solid As A Rock (von Marco),https://open.spotify.com/track/3kmq7VVEeMVArLXhWEaOjN
1989,David Hasselhoff,Looking for Freedom (von Martha),https://open.spotify.com/intl-de/track/3aCQCWw8cKYYOuHHEawiZ2
1978,Rino Gaetano,Gianna (von Matthias),https://open.spotify.com/track/3LhSWvr02ZOYL5IMd3nm1t
1984,Ryan Paris,Dolce Vita (von Matthias),https://open.spotify.com/track/2fv6Qeb7Z3uaqBeYINvJ0f
1987,Gianna Nannini & Edoardo Bennato,Un'Estate Italiana (von Matthias),https://open.spotify.com/track/50jCUPNEHtmLfK6PQzcnOH
1984,Eros Ramazzotti,Terra Promessa (von Matthias),https://open.spotify.com/track/7gPT8duO78422BZQXItXeQ
2026,Ditonellapiaga,Che Fastidio! (von Matthias),https://open.spotify.com/track/1k3pzheXrbtHgvvOsQeMkU
1979,Umberto Tozzi,Gloria (von Matthias ),https://open.spotify.com/track/35tzxthMBglBMjmZ7Fn1hj
1982,Al Bano & Romina Power,Felicità (von Matthias ),https://open.spotify.com/track/7sXTcibuNYugjjYNfgf2kY
1996,Articolo 31,Tranqi Funky (von Matthias ),https://open.spotify.com/track/2ttUbhePgGQQKAe5vxQVG4
2011,Pino D'Angiò,Ma Quale Idea (von Matthias ),https://open.spotify.com/track/50f0mt35cIwwu3Krk7nS7b
2024,The Kolors,Un Ragazzo Una Ragazza (von Matthias ),https://open.spotify.com/track/60NDVF7fFIq13aO9rIN80c
1972,Ton Steine Scherben,Keine Macht für Niemand (von Michi),https://open.spotify.com/track/2yw6quFRAzoigN89yf6q6x
1991,Tina Turner,Tiny Dancer (von Michi),https://open.spotify.com/track/623ZeL2lWuz5v03TVkRBZa
2012,Asaf Avidan (Wankelmut Remix),One Day / Reckoning Song (von Michi),https://open.spotify.com/track/5bGG1abhVIUm6EAa36ipRX
2024,Charli xcx,365 (von Paul),https://open.spotify.com/track/5h68SoVFGleijCtjEja3xG
1982,Michael Jackson,Billie Jean (von Sabine),https://open.spotify.com/intl-de/track/5ChkMS8OtdzJeqyybCc9R5
1995,Mo-Do,Super Gut (von Sabine),https://open.spotify.com/track/6xZ0Bm7VxSQclhzfREt2j8
2011,Jeans Team,Cocktailständer (von Sabine),https://open.spotify.com/intl-de/track/6vPwCIjYBGh1KgHK1wtZkb
1996,Nek,Laura non c'è (von Sabine),https://open.spotify.com/track/7anRsNjcOSrNYf2FjYopCH
2013,The Cat Empire,Still Young (von Sämi),https://open.spotify.com/track/730GIYt57qXR0LgXuw7KPn
2016,Granada,Ottakring (von Sämi),https://open.spotify.com/track/3lH4mnOwCr1OcndiVmlBEK
2023,The Cat Empire,Thunder Rumbles (von Sämi),https://open.spotify.com/track/7F35qIAMQunnLDpA0BBPeR
2024,Alizarina & Soloma,Duna Túra (von Sämi),https://open.spotify.com/track/7Isj3SS5Kl1porTKXQzHnC
2024,Drathaus,BrEaK iNtO yOuR hOu$e (von Sämi),https://open.spotify.com/track/14VFOvttJHg8RlQMVxDojo
2026,Satoshi,Viva Moldova! (von Sämi),https://open.spotify.com/track/3slA6oMqkypLVUkEjk2xfQ
2008,Bon Iver,Skinny Love (von Speckis),https://open.spotify.com/track/3B3eOgLJSqPEA0RfboIQVM
1972,Nick Drake,Pink Moon (von Speckis),https://open.spotify.com/track/4KROoGIaPaR1pBHPnR3bwC
1993,Mazzy Star,Fade Into You (von Speckis),https://open.spotify.com/track/1LzNfuep1bnAUR9skqdHCK
1998,Air,La femme d'argent (von Speckis),https://open.spotify.com/track/3ZzhV6JIDKWvWR7wiKWD0C
1999,Le Tigre,Deceptacon (von Speckis),https://open.spotify.com/track/5773KSWFzg9kCc8yazjbSt
1999,Mr. Oizo,Flat Beat (von Speckis),https://open.spotify.com/track/7GP1ZmPGH1puBliT9S6Fi
2000,Cat Power,Sea of Love (von Speckis),https://open.spotify.com/track/33kKcOJoyNduHwXhEnga
2000,Eels,I Like Birds (von Speckis),https://open.spotify.com/track/6N0iywQuqCluRkE6F7WqGg
2002,The Coral,Dreaming of You (von Speckis),https://open.spotify.com/track/6ebxt3Iylxe0GcEuUGlIvb
2003,Blur,Good Song (von Speckis),https://open.spotify.com/track/75WFyYrXPMAWyN6jOBB7IC
2003,José González,Heartbeats (von Speckis),https://open.spotify.com/track/3jQyadhLTxpxadQlkFh2b8
2003,Mark Farina,Dream Machine (von Speckis),https://open.spotify.com/track/2VAMRYzi5TM5GChU6pTtIE
2003,The Knife,Pass This On (von Speckis),https://open.spotify.com/track/0aWhxzFrP2Yyz3CetJe0x
2003,Toktok & Soffy O,Day of Mine (Ludicrous Idiots) (von Speckis),https://open.spotify.com/track/5xUXfYkxT7sPitoboN2Z5U
2005,CocoRosie,Noah's Ark (von Speckis),https://open.spotify.com/track/7Lr8PrBSYumkBFnVdwaAzz
2005,Robyn,Konichiwa Bitches (von Speckis),https://open.spotify.com/track/1WaUWOfNFlE9u4yc52MCCI
2006,Beach House,Master of None (von Speckis),https://open.spotify.com/track/3stWWPN41byqp8loPdy92u
2006,Beirut,Postcards from Italy (von Speckis),https://open.spotify.com/track/7H0UxIN751StFi2tznmHlg
2006,Cat Power,The Greatest (von Speckis),https://open.spotify.com/track/0OVXLPJPDCFn1IV6bFxY1N
2007,Angus & Julia Stone,Just A Boy (von Speckis),https://open.spotify.com/track/2vxp4comsmmJJMrS8TNVxW
2007,Feist,My Moon My Man (von Speckis),https://open.spotify.com/track/4fQVQKIiidREPI0MhFEuDn
2007,M.I.A.,Paper Planes (von Speckis),https://open.spotify.com/track/1ixbwbeBi5ufN4noUKmW5a
2007,Shantel,Disko Partizani (von Speckis),https://open.spotify.com/track/7KJDhrV1hZFtqXj062xyW5
2008,Alexander Marcus & Andreas Thomas,Papaya (von Speckis),https://open.spotify.com/track/2e0mLwgTbgg7SxAF2nMByc
2008,Vampire Weekend,A-Punk (von Speckis),https://open.spotify.com/track/2DrGEaqoruCSn0FffWCf5O
2010,Angus & Julia Stone,Big Jet Plane (von Speckis),https://open.spotify.com/track/7znAjItIP7xKKhyFzF5W1B
2010,Caribou,Odessa (von Speckis),https://open.spotify.com/track/3iwH1DfB0Yq2uKhCv7SMxp
2010,Zaz,Je veux (von Speckis),https://open.spotify.com/track/734dz1YaFITwawPpM25fSt
2011,BOY,Little Numbers (von Speckis),https://open.spotify.com/track/2q6Na4axOEIe46qufv98G
2011,Metronomy,The Look (von Speckis),https://open.spotify.com/track/6zfczP87XO2SxWlQtnjFNa
2012,alt-J,Breezeblocks (von Speckis),https://open.spotify.com/track/1ZLroqJA8qoS5QEeCo0fA7
2012,Ariel Pink,DāM-FunK,Baby (von Speckis),https://open.spotify.com/track/1e4kwCOOIv8OHBHSd3avgQ
2012,Django Django,Default (von Speckis),https://open.spotify.com/track/1EmimnysAUBhiy8rDbNN01
2013,Junip,Your Life Your Call (von Speckis),https://open.spotify.com/track/0aQqq7lD6X7SVV9wmzAqGH
2013,Moderat,Bad Kingdom (von Speckis),https://open.spotify.com/track/52XjrfqvrxaMtjCDYEKkXN
2013,Paul Kalkbrenner & Fritz Kalkbrenner,Sky and Sand (von Speckis),https://open.spotify.com/track/3ZSqMer9RLSglvi18bWXYV
2014,Azealia Banks & Lazy Jay,212 (von Speckis),https://open.spotify.com/track/7mDKRYiqejoHzP7dQGxLys
2014,Electric Youth & College,A Real Hero (von Speckis),https://open.spotify.com/track/1AP2IcI8jxP07wSjrcWwxJ
2015,Beach House,Space Song (von Speckis),https://open.spotify.com/track/1ZgMsA55GIY7ICkQh5MILA
2016,Angel Olsen,Shut Up Kiss Me (von Speckis),https://open.spotify.com/track/3EEr6l5PYelwkrvvKX7N0X
2016,Father John Misty,Real Love Baby (von Speckis),https://open.spotify.com/track/0Z57YWES04xGh3AImDz6Qr
2005,Modena City Ramblers,Bella ciao (von Tete),https://open.spotify.com/track/3NwVga1qCZ6TgJ8RVcBbKD
1990,Laid Back,Bakerman (von Thèrese),https://open.spotify.com/track/68Wrmobntys0DWyV4gBiUR
1978,Jacob Miller,Natty No Santa Claus (von Thomas),https://open.spotify.com/track/01SsyO6lkt7RlMF4HLltuv
1984,Wham!,Last Christmas (von Thomas),https://open.spotify.com/track/2FRnf9qhLbvw8fu4IBXx78
1986,Chris Rea,Driving Home for Christmas  (von Thomas),https://open.spotify.com/track/27qAMKrDdKEs8HDXcvR24R
2005,Element of Crime,Straßenbahn des Todes (von Thomas),https://open.spotify.com/track/3Fu6aRJrvl5QwyjF3RlFkd
2020,Chilly Gonzales,Last Christmas (von Thomas),https://open.spotify.com/track/6BcEPX7ERivFPNgByRXj5z
1992,Jovanotti,Ragazzo Fortunato (von Verena),https://open.spotify.com/track/0x3reuFIL9WfzDdzoigr8p
1997,Carmen Consoli,Confusa E Felice (von Verena),https://open.spotify.com/track/1a10vXQu5AzGyH3Aseqbhp
2003,Carmen Consoli,Fiori d'arancio (von Verena),https://open.spotify.com/track/4BHbf7F8Wzs9EoHVHslIB9
2021,Ariete,L'ultima notte (von Verena),https://open.spotify.com/track/63mdY4U0KvnbMkUEc7FHN8
2013,Men Without Hats,The Safety Dance (von Verena/Andi),https://open.spotify.com/track/5O4NFbDqJ8SOfbjnIhdPDt
1998,Tryo,L'hymne de nos campagnes (von Yago),https://open.spotify.com/track/3euuy6K2EOSA1BmsgKpdQ6
2003,Tryo,Si la vie m'a mis là (von Yago),https://open.spotify.com/track/0WKcSqeDF2cXins1NirgwH
2003,Tryo,Désolé pour hier soir (von Yago),https://open.spotify.com/track/2WW1oThg3cvweZykXF0lCn
1954,Yma Sumac,Gopher,https://open.spotify.com/track/1YzgxLvIISW2RTnKIYE160
1958,Jackie Wilson,Reet Petite,https://open.spotify.com/track/3h4udS0WeWbsur3yfjvnm4
1965,Astrud Gilberto & Antônio Carlos Jobim,Agua De Beber,https://open.spotify.com/track/4SSADZr3VsQeoqNbjLXw8W
1965,The Rolling Stones,Everybody Needs Somebody To Love,https://open.spotify.com/track/7AjHtyU0aLwdqb68uzwRlh
1966,James Brown & The Famous Flames,I Got You (I Feel Good),https://open.spotify.com/track/5haXbSJqjjM0TCJ5XkfEaC
1966,The Animals,House Of The Rising Sun,https://open.spotify.com/track/61Q9oJNd9hJQFhSDh6Qlap
1968,The Rolling Stones,Street Fighting Man,https://open.spotify.com/track/09t1lDivsjZffcTC7rNa2m
1970,Chico Buarque,Gente Humilde,https://open.spotify.com/track/24OF9ihv97VwNXQZ2gGy8v
1970,Joci Batista,Briga de Artista,https://open.spotify.com/track/2G5WuMcmSt3y9PbgzMbeQI
1971,The Rolling Stones,Wild Horses,https://open.spotify.com/track/52dm9op3rbfAkc1LGXgipW
1972,Ton Steine Scherben,Die letzte Schlacht gewinnen wir,https://open.spotify.com/track/1Qt5I0e5VwHLSiczsQJjPn
1972,Ton Steine Scherben,Der Traum ist aus,https://open.spotify.com/track/568gbsCi6Byp9VnQZmE6OV
1973,ZZ Top,La Grange,https://open.spotify.com/track/70YvYr2hGlS01bKRIho1HM
1974,Dolly Parton,Jolene,https://open.spotify.com/track/2SpEHTbUuebeLkgs9QB7Ue
1974,Kjell Höglund,Man Vänjer Sig,https://open.spotify.com/track/0zIGcj9yqEzRWAiZDQLQFb
1974,Lynyrd Skynyrd,Sweet Home Alabama,https://open.spotify.com/track/4CJVkjo5WpmUAKp3R44LNb
1975,Perry Como,Papa Loves Mambo,https://open.spotify.com/track/62eAoNfrrS84177LOzJMQx
1975,Queen,Bohemian Rhapsody,https://open.spotify.com/track/1AhDOtG9vPSOmsWgNW0BEY
1976,Adriano Celentano,Svalutation,https://open.spotify.com/track/6WiWM4l2ykD5m9XJr1U1Ku
1976,Eagles,Hotel California,https://open.spotify.com/track/40riOy7x9W7GXjyGp4pjAv
1977,Edoardo Bennato,Il gatto e la volpe,https://open.spotify.com/track/5ZSzAggKFjyIL6OLA2xUUg
1977,Fleetwood Mac,Go Your Own Way,https://open.spotify.com/track/07GvNcU1WdyZJq3XxP0kZa
1977,Ram Jam,Let It All Out,https://open.spotify.com/track/62G8HtIu0aqjJZyR6Ckko3
1977,Ram Jam,Hey Boogie Woman,https://open.spotify.com/track/4x2krRiUEL3GgAJKMaJSF2
1977,Rino Gaetano,Aida,https://open.spotify.com/track/7N1SQcqAkSvUgnlvrU0Et8
1979,AC/DC,Highway to Hell,https://open.spotify.com/track/2zYzyRzz6pRmhPzyfMEC8s
1981,Joachim Witt,Goldener Reiter,https://open.spotify.com/track/7sgbBeINoJ4TDUDIloK9li
1981,Journey,Don't Stop Believin',https://open.spotify.com/track/5RKQ5NdjSh2QzD4MaunT91
1981,Soft Cell,Tainted Love,https://open.spotify.com/track/0cGG2EouYCEEC3xfa0tDFV
1982,The Clash,Should I Stay or Should I Go,https://open.spotify.com/track/39shmbIHICJ2Wxnk1fPSdz
1983,Michael Sembello,Maniac,https://open.spotify.com/track/0QKfiqpEU4h9ycPSzIFwYe
1984,Les Rita Mitsouko,Marcia Baïla,https://open.spotify.com/track/43THPstJP6RXLMd7ryXyNf
1984,Prince,Purple Rain,https://open.spotify.com/track/1uvyZBs4IZYRebHIB1747m
1985,Kate Bush,Running Up That Hill (A Deal With God),https://open.spotify.com/track/75FEaRjZTKLhTrFGsfMUXR
1986,AC/DC,You Shook Me All Night Long,https://open.spotify.com/track/6yl8Es1tCYD9WdSkeVLFw4
1986,Lucio Dalla,Caruso,https://open.spotify.com/track/6HYm04mKq02OtLMf6sGEFR
1987,Fleetwood Mac,Little Lies,https://open.spotify.com/track/4CoSCPlKNrWli7E5kFtbcl
1987,Fleetwood Mac,Everywhere,https://open.spotify.com/track/254bXAqt3zP6P50BdQvEsq
1987,Fleetwood Mac,Seven Wonders,https://open.spotify.com/track/1VN2vWSkSmMKOhxr8lHzSx
1987,R.E.M.,It's The End Of The World As We Know It,https://open.spotify.com/track/2oSpQ7QtIKTNFfA08Cy0ku
1987,Whitney Houston,I Wanna Dance with Somebody (Who Loves Me),https://open.spotify.com/track/2tUBqZG2AbRi7Q0BIrVrEj
1990,A Tribe Called Quest,Can I Kick It?,https://open.spotify.com/track/3Ti0GdlrotgwsAVBBugv0I
1990,Jovanotti,Gente Della Notte,https://open.spotify.com/track/6Rkd5TAFl3gZj1HuXR6FtY
1990,Ram Jam,Black Betty,https://open.spotify.com/track/2ZOTtG7v1OrSNs6EINIGb4
1991,Mano Negra,Out of Time Man,https://open.spotify.com/track/2Ocfrk1syda141tYv7v9lr
1991,R.E.M.,Losing My Religion,https://open.spotify.com/track/74EV0g12ihUoOUXMprFpZB
1992,Cesária Evora,Sodade,https://open.spotify.com/track/7xzMrUmlooPa1Fmp88hlYc
1992,Georg Kreisler,Wien Ohne Wiener,https://open.spotify.com/track/5otJtpkkzt014CfpgRQf0j
1992,Salif Keita,Madan,https://open.spotify.com/track/6fUF3XCIqvZfjtMIEOdHPd
1993,Chaka Demus & Pliers,Murder She Wrote,https://open.spotify.com/track/1HGyhNaRUFEDBiVLbvtbL6
1993,Us3 & Rahsaan & Gerard Presencer,Cantaloop (Flip Fantasia),https://open.spotify.com/track/06DSI8L6IT8SizCw3JLckz
1994,Beastie Boys,Sabotage,https://open.spotify.com/track/0Puj4YlTm6xNzDDADXHMI9
1994,R.E.M.,Bang And Blame,https://open.spotify.com/track/4FCn9LuUy6unyPSnXVwLq1
1994,Reel 2 Real & The Mad Stuntman & Erick Morillo,I Like To Move It,https://open.spotify.com/track/6dHTkQYY3zdR9i9Nj0IGVW
1994,Sade,Smooth Operator,https://open.spotify.com/track/1Hv1VTm8zeOeybub15mA2R
1995,D'Angelo,Brown Sugar,https://open.spotify.com/track/7rt0kEDWRg3pgTZJKuszoE
1995,Daniele Silvestri,Le cose in comune,https://open.spotify.com/track/2Mc4mdbLGW4ti1Ai6PEFp7
1995,Renato Carosone,Tu Vuo Fà L'Americano,https://open.spotify.com/track/7HgG6kaNPUltGHFP6aIS4L
1996,Blackstreet,No Diggity,https://open.spotify.com/track/6KoaqyDrVtZmlWET7Nf9Ez
1997,Louise Attaque,Les nuits parisiennes,https://open.spotify.com/track/2TaEmp0ekjFpnteScYcFXU
1997,Louise Attaque,J't'emmène au vent,https://open.spotify.com/track/0Wr98MVkENZXddiLB3bPb0
1997,The Rolling Stones,Out Of Control,https://open.spotify.com/track/2aMWVfz3YKW3AzD80cRVX6
1998,Cesária Evora,Besame Mucho,https://open.spotify.com/track/1fcgM5wcrTpuHSFRQ0CDOT
1998,Frankie hi-nrg mc & Riccardo Sinigallia,Quelli che benpensano,https://open.spotify.com/track/0ekMehNXQgeMJXfCPrlTTf
1998,Patrice,Lions,https://open.spotify.com/track/1f9bjGHqyz17P73uuiL7R0
1998,Rino Gaetano,Ma il cielo è sempre più blu,https://open.spotify.com/track/1L9m2l2lhXgQ3GwmmCx3OK
1999,Cesária Evora,Carnaval de São Vicente,https://open.spotify.com/track/2TIwx9cg5otvnzpzFuIfkB
1999,Destiny's Child,Independent Women Pt. 1,https://open.spotify.com/track/5JZpQuRIX8MTiKwuELjTlx
1999,Fabrizio De André,Hotel Supramonte,https://open.spotify.com/track/7ed1o13HbY4tGryrkAprdf
1999,Fabrizio De André,Andrea,https://open.spotify.com/track/0JiwdnpjbTKMVnAF59f84o
1999,Fabrizio De André,Bocca di rosa,https://open.spotify.com/track/2Q6SHhziqbkmG9Ab8QFWrI
1999,Macy Gray,I Try,https://open.spotify.com/track/5TAf4lnZCZTLlZHNZMLFLi
1999,Panteon Rococo,La Dosis Perfecta,https://open.spotify.com/track/5bymCzswBkt0deeD1hlTIq
1999,The Roots & Tariq Trotter & Erykah Badu & Eve,You Got Me,https://open.spotify.com/track/4pdLZsxq0y5oJDb6Cxlokw
2000,Outkast,Ms. Jackson,https://open.spotify.com/track/0I3q5fE6wg7LIfHGngUTnV
2000,Rastapé,Colo de Menina,https://open.spotify.com/track/5aGhtbviqUqjtno5vcUmCN
2000,Tonino Carotone,Tu vuo fa l'americano,https://open.spotify.com/track/4rtqQI6UEkurDqWEmNeQSm
2001,Jan Delay & Xavier Naidoo & Dennis Duplate,Flashgott,https://open.spotify.com/track/41IZwQyG9JLeHEkYg1XYz4
2001,Macy Gray & Erykah Badu,Sweet Baby,https://open.spotify.com/track/2W9FCvuxSSXbnkj9q4Dd9N
2002,Brainpower,Dansplaat,https://open.spotify.com/track/4y0yr2ZfZARAYfG5uhQXYY
2002,Forroçacana,Bola De Meia,https://open.spotify.com/track/50dN8ocVS5XkMiLibjhZbZ
2002,Gabin,Doo uap doo uap doo uap,https://open.spotify.com/track/68j2rXimsXQYezvQn2Ot4c
2002,La Rue Kétanou,Les hommes que j'aime,https://open.spotify.com/track/7ebyGGBvIus0ZgdbzcXweL
2002,Panteon Rococo,La Carencia,https://open.spotify.com/track/1v3rQg6uPY6AnOY5TtxN7I
2002,Silly Walks Movement & Jan Delay,Soundhaudegen,https://open.spotify.com/track/6sWblkccn6KMTC3dIq1O77
2002,The Roots & Cody Chesnutt,The Seed (2.0),https://open.spotify.com/track/1a6Jt6USVGKzbjYpcKMwPB
2003,Früchte des Zorns,Nimm mich mit,https://open.spotify.com/track/4sx2OZXaEhRruzzczwxKv7
2003,Früchte des Zorns,Brennen,https://open.spotify.com/track/2nVwgQWFPc14Hh717oPcH1
2003,Giorgio Gaber,Io non mi sento italiano,https://open.spotify.com/track/70A4ahKy4VukH43dbG4Qc0
2003,Kelis,Trick Me,https://open.spotify.com/track/3aImJnJlAgcE7bJ1NxthGt
2003,Kelis,Milkshake,https://open.spotify.com/track/2cMTIlktg3M9mXYqCPqw1J
2003,Magic System,Bouger bouger,https://open.spotify.com/track/0aUujfU3BFkjkIiBYGdgug
2003,Outkast,Hey Ya!,https://open.spotify.com/track/2PpruBYCo4H7WOBJ7Q2EwM
2003,Outkast,Roses,https://open.spotify.com/track/6bUNEbXT7HovLW6BgPCBsb
2003,Sergey Shnurov,Super Good,https://open.spotify.com/track/0j0UvJITXJOcQswsY0oe5L
2003,Sud Sound System,Le radici ca tieni,https://open.spotify.com/track/4oVjEZ8WwGt67ZhoNchF1q
2004,Beth Carvalho,Vou Festejar,https://open.spotify.com/track/7L6CCV19CsvL7UHgR8Bzfw
2004,Dota Kehr,Alles Du,https://open.spotify.com/track/5vRHRMEilW1yAl8Q9G2D82
2004,Dota Kehr,Immer die anderen,https://open.spotify.com/track/2fs0zamRoFyDIHWSNGKKj1
2004,Falco,Der Kommissar,https://open.spotify.com/track/48DuoM4e0hknQNR1He8X2p
2004,Gentleman,Superior,https://open.spotify.com/track/2xc8WSkjAp4xRGV6I1Aktb
2004,La Rue Kétanou,Ma faute à toi,https://open.spotify.com/track/0BJiITBa2wpzagOlqulViS
2004,Vinícius & Antônio Carlos Jobim,Garota De Ipanema,https://open.spotify.com/track/13phYi072bj5ibxBx4VhQC
2005,Amadou & Mariam,La Réalité,https://open.spotify.com/track/4N9asu4Klm2B5HC5QdxrfR
2005,Balkan Beat Box,Bulgarian Chicks,https://open.spotify.com/track/1C76GVta44ZDXPrwy6oMtS
2005,Camila Costa,Ponto das Caboclas,https://open.spotify.com/track/7fkdz2adc7le3WlE6HNZoD
2005,Negrita,Magnolia,https://open.spotify.com/track/6gDqDzLxNdnkUWbVsW0Chc
2005,Roy Paci & Aretuska,Malarazza,https://open.spotify.com/track/7E4zxHORvXupoUk4bmnY5D
2005,Shakira & Wyclef Jean,Hips Don't Lie,https://open.spotify.com/track/3ZFTkvIE7kyPt6Nu3PEa7V
2005,The Cat Empire,Two Shoes,https://open.spotify.com/track/57LP4yVIIBkRLWbq0ETF4K
2005,The Sugarhill Gang,Apache,https://open.spotify.com/track/0byhUiH1tyXjI7ro0GRQTy
2006,Cassius,Toop Toop,https://open.spotify.com/track/7cHhpJV9fC2AqgdiLvq1AO
2006,Georg Kreisler,Tauben vergiften,https://open.spotify.com/track/4lFSfWdIqffG71zUJ2w2rN
2006,Helmut Qualtinger,Der g´schupfte Ferdl,https://open.spotify.com/track/6zp0TPaGWctzHY1OMarRDJ
2006,Helmut Qualtinger,Der Papa wird´s schon richten,https://open.spotify.com/track/4118SA0ZP4B4G0IcOauimW
2006,Jan Delay,Klar,https://open.spotify.com/track/01y4v0GVDAFwj9hjxTMshg
2006,Liricas Analas & Jo-Hannes & Renzo Hendry & Johannes Just & Roman & Roman Flepp,Siemis,https://open.spotify.com/track/2kqXy5VfY8683DXZo7WZ77
2006,Phanamanation,Katikaraga,https://open.spotify.com/track/7zT9GqpZS1fsmP7baiDBsk
2006,Scissor Sisters,I Don't Feel Like Dancin',https://open.spotify.com/track/1qEHgdFqUxFebMPk8s2HLY
2006,Sergio Mendes & Brasil '66,Mas Que Nada,https://open.spotify.com/track/0Vl9aGb0dmeiCQ2ATgNK2B
2007,Amparo Sánchez & Che Sudaka,Todo Vuelve,https://open.spotify.com/track/4JzheMjn1fgjpnFVyhSht8
2007,Che Sudaka,Mirando el Mundo al Revés,https://open.spotify.com/track/05djuwFUdSGDfDKcTrtDqx
2007,Früchte des Zorns,Das Herz ist ein Muskel in der Größe einer Faust,https://open.spotify.com/track/0no3lOU1Uc3sdccx8ObRtJ
2007,Grandmagneto,Tainted Love,https://open.spotify.com/track/3kX5hmYiChRvKYt5uaSKQO
2007,Manu Chao,Me Llaman Calle,https://open.spotify.com/track/4EMJ0OvlQ0AeYx9Y72QiP4
2007,Paolo Nutini,New Shoes,https://open.spotify.com/track/265Anh9hGoozFigjUVLUeD
2007,Texta & Attwenger,So Schnö Kaunst Gor Net Schaun!,https://open.spotify.com/track/6m6qkqQtWjI7XdK9qKKtIo
2008,[dunkelbunt] & Boban i Marko Marcovic Orkestar,Cinnamon Girl,https://open.spotify.com/track/6pt9phJsRJ0GDf7KKRmboy
2008,Bonaparte,Anti Anti,https://open.spotify.com/track/31X7ZCVcKwsk6CUavTOnwW
2008,Duffy,Mercy,https://open.spotify.com/track/1zusIxNqJu8i4g6P6hJ2Qa
2008,Elvis Crespo,Suavemente,https://open.spotify.com/track/1YwPNemawMgGe6sF4U0FTE
2008,LaBrassBanda,BrassBanda,https://open.spotify.com/track/4UPOXjO0tpasXrsrFafPRD
2008,Movits!,Äppelknyckarjazz,https://open.spotify.com/track/4DDSlMgxADVXcwbILEsU14
2008,Movits! & Zacke,Tom Jones,https://open.spotify.com/track/1AHifohxpCGj5pFcUavy8e
2008,Mungo's Hi Fi & Soom T,Did You Really Know,https://open.spotify.com/track/7waIDkggFqghfb8xhNMMm7
2008,Penetrante Sorte,Deine Mutter,https://open.spotify.com/track/6lLhaJt9TMV1gxKZTLlgvl
2008,Watcha Clan,Balkan Qoulou,https://open.spotify.com/track/0yy6RNoiKEAtIVgmr5mwQB
2009,Bilderbuch,Kopf ab,https://open.spotify.com/track/2waMj6NVeQusWyrwuI3BA8
2009,Edward Sharpe & The Magnetic Zeros,Home,https://open.spotify.com/track/0cBPuDA3xUjR4Vh9o7CKy8
2009,Jan Delay,Oh Jonny,https://open.spotify.com/track/1IivtUqnUfW9jH3pM08D8U
2009,Joss Stone,Free Me,https://open.spotify.com/track/2osA5KIMQLLaNLHiuusgGy
2009,Manu Chao,Bienvenida a Tijuana,https://open.spotify.com/track/4IIWKdVML2RjULM8PtAuNx
2009,Manu Chao,Rumba de Barcelona,https://open.spotify.com/track/5Usl1pnzB4nipNy4FgFjho
2009,Manu Chao,Dia Luna Dia Pena,https://open.spotify.com/track/4kJ7wvqHWRO8zqjONhQzAH
2009,Skero & Joyce Muniz,Kabinenparty,https://open.spotify.com/track/6Xm9gOTPG3Vm0a4sxb13i8
2009,The xx,Crystalised,https://open.spotify.com/track/6rxEjkoar48SssZePbtb2x
2009,Uriah Heep,Lady In Black,https://open.spotify.com/track/2U2ByqoO82fnayaPzO4x2d
2009,Wax Tailor & ASM,Say Yes,https://open.spotify.com/track/1imcmBlbv7s1jUKDLw3ygH
2010,Aloe Blacc,I Need A Dollar,https://open.spotify.com/track/3oUphdZVPyrsprZ8FgbmQS
2010,Raimundo Amador,Bolleré,https://open.spotify.com/track/49kTkCIBDqK2UgmJxETRiS
2010,Stromae,Alors on danse,https://open.spotify.com/track/2GYHyAoLWpkxLVa4oYTVko
2010,The Roots & John Legend,The Fire,https://open.spotify.com/track/1iP5UMdOsGz6EdltGbbcb7
2010,The Sugarhill Gang,Rapper's Delight,https://open.spotify.com/track/0tm6gsXe0LSm9zeSspyMQu
2011,Faela,Se Cae,https://open.spotify.com/track/7dL05ZChx6FjNpZraEryvO
2011,Gotye & Kimbra,Somebody That I Used To Know,https://open.spotify.com/track/6md4w95cnKaW64JyEQ3A0L
2011,Holstuonarmusigbigbandclub,Vo Mello Bis Ge Schoppornou,https://open.spotify.com/track/2RKqH6nRfcKl7LR8M4yQfu
2011,Little Dragon,Ritual Union,https://open.spotify.com/track/5uTjNzGKCQ50synrf9dWmT
2011,Texta,Die Dramaturgie der Ereignisse,https://open.spotify.com/track/4n6AGL10M8fbm8oHxhK16j
2012,Asaf Avidan,Love It Or Leave It,https://open.spotify.com/track/31otkPynkCaoOYFtJvNMIq
2012,Goran Bregović,Bella Ciao,https://open.spotify.com/track/24BluVKR33hn4o8AS5rdjl
2012,Zoufris Maracas,Et ta mère,https://open.spotify.com/track/2HEr6PARUW822o9VLx25mg
2013,Alligatoah,Willst du,https://open.spotify.com/track/3g62kHCCbNwhEKYywx5Xwz
2013,Après La Classe,Paris,https://open.spotify.com/track/6C9VsIiSdBc4iViWCGvug5
2013,Faela,Reina del Mar,https://open.spotify.com/track/6MCwgCa77ZZQcX8eos5Um6
2013,Lorde,Royals,https://open.spotify.com/track/7BFI9QZPQKgYuR2HhDgwbG
2013,Movits! & Maskinen,Nitroglycerin,https://open.spotify.com/track/3KfQ8GgRZ0ystqvShxtyvb
2013,Os Tincoãs,Deixa A Gira Girar,https://open.spotify.com/track/3BD2hlwoExMUXUpxcYxaWx
2013,Parov Stelar,All Night,https://open.spotify.com/track/6kK2YbF8boQl32Lqkai3Ca
2013,Pupkulies & Rebecca & Tibau Tavares,Saùde,https://open.spotify.com/track/0eiLjsux480qRTmDnNRJJg
2013,Stromae,Papaoutai,https://open.spotify.com/track/34dx8DACTJsc3rsJdaEIQw
2013,The Neighbourhood,Sweater Weather,https://open.spotify.com/track/2QjOHCTQ1Jl3zawyYOpxh6
2013,Tom Odell,Another Love,https://open.spotify.com/track/3JvKfv6T31zO0ini8iNItO
2014,Ani Cordero,Macorina,https://open.spotify.com/track/4O7TpTheOKYDwWBJFPTW63
2014,Beyoncé,Partition,https://open.spotify.com/track/2vPTtiR7x7T6Lr17CE2FAE
2014,Django 3000,Heidi,https://open.spotify.com/track/7s5E3zahHQqglgNFs7dooN
2014,Fiva,Einen Sommer lang nur tanzen,https://open.spotify.com/track/1DrCpWy8AW4euoxjOBTIpA
2014,Joan As Police Woman,Holy City,https://open.spotify.com/track/0YPIETceecHVR0VWuRPRT3
2014,Kae Tempest,The Beigeness,https://open.spotify.com/track/0Gm8b2S6XNNL79SPIxlsVN
2014,Vance Joy,Riptide,https://open.spotify.com/track/2uXlHCUbq9OMUwx3hrk06o
2015,Bilderbuch,Maschin,https://open.spotify.com/track/2Lg1njXKvhgv72U9QkrwXi
2015,Blumentopf & Texta & Kinetical,TNT Anthem,https://open.spotify.com/track/2To3kKQTDKOQL53JxDrDZI
2015,Clara Luzia,The Drugs Do Work,https://open.spotify.com/track/3nIcezMbLAH6zWH1pTFfiC
2015,Dicht & Ergreifend,Zipfeschwinga,https://open.spotify.com/track/41XJ7krhzlf6xktsJkmbI0
2015,Drug Cabin,Powdermoon,https://open.spotify.com/track/5ZmSWO5rgEDnIXn1x2dwKE
2015,Ernst Molden & Der Nino aus Wien,Ganz Wien,https://open.spotify.com/track/2rGEoUA4KC350RejBLkyaV
2015,Grossstadtgeflüster,Fickt-Euch-Allee,https://open.spotify.com/track/29Ofm06sP9wJTc2BLkztyY
2015,Il Civetto,Ébabaré,https://open.spotify.com/track/2ZvIb8awVEBDMlE1djtPd9
2015,Il Civetto,Baba Che,https://open.spotify.com/track/5Rh39SEEvsDGqzcpH3pFt9
2015,Mark Ronson & Bruno Mars,Uptown Funk,https://open.spotify.com/track/32OlwWuMpZ6b0aN2RZOeMS
2015,Minimatic,No Swinggity,https://open.spotify.com/track/6WjIuiDbLuCvEQPiKBog8m
2015,Nicola Cruz,Cumbia del Olvido,https://open.spotify.com/track/6qINThmTDYBm8twguFRueG
2015,Nitemayor,Vampire,https://open.spotify.com/track/4x6KNgwA99loNZcRYrFzod
2015,Parov Stelar & Graham Candy,The Sun,https://open.spotify.com/track/16TgdSXa71GegvWppYh6Qp
2015,Pharrell Williams,Freedom,https://open.spotify.com/track/6RB9YvNyP0RZfCUcMtZELH
2015,Seiler und Speer,Ham kummst,https://open.spotify.com/track/30t2cItUPY7CvZOup7zptn
2016,A-WA,Habib Galbi,https://open.spotify.com/track/2PAwNffbrPiYrEdZnVo6uR
2016,Celia Cruz,La Vida Es Un Carnaval,https://open.spotify.com/track/1BwrMGGhPA6GarWIYaFrW8
2016,Dota Kehr,Unterwegs,https://open.spotify.com/track/6lIdsOgcaCRAbyts5bOQnz
2016,Dota Kehr,Stille Wasser,https://open.spotify.com/track/7eVBPUIjacpgkDlyxENtfp
2016,Faela,Samuelito,https://open.spotify.com/track/7sw6PgRcLJO0dsxfPfUC4Q
2016,Jain,Makeba,https://open.spotify.com/track/4TNFLwe6DhtR3Wn1JKMqMJ
2016,Jain,Come,https://open.spotify.com/track/02R2z7JWV0G8VuU1xs58OB
2016,Kaleo,Way down We Go,https://open.spotify.com/track/0y1QJc3SJVPKJ1OvFmFqe6
2016,Moop Mama & Jan Delay,Alle Kinder,https://open.spotify.com/track/3ltgZoKpEgdTjOc4F4yr1x
2016,Von Wegen Lisbeth,Wenn du tanzt,https://open.spotify.com/track/0G7vexduCvboPyIGjJXQIC
2016,Voodoo Jürgens,Gitti,https://open.spotify.com/track/4AsQAQDAJ94je8Hg38zyUZ
2016,Voodoo Jürgens,Heite grob ma Tote aus,https://open.spotify.com/track/4Q5Xy83H57V2s7JYcAxsDS
2017,Air & Gordon Tracks,Playground Love,https://open.spotify.com/track/4mJ2jiw5WZgT1PIAEc7P5P
2017,Bakermat,Baby,https://open.spotify.com/track/1bA2ZK7CFxEMnyn1dWP2jp
2017,Cigarettes After Sex,Apocalypse,https://open.spotify.com/track/0yc6Gst2xkRu0eMLeRMGCX
2017,Cosmo Sheldrake,Come Along ,https://open.spotify.com/track/5ASMfqCChceoHtSwRiYNpb
2017,Ernst Molden & Willi Resetarits & Walther Soyka & Hannes Wirth,Awarakadawara,https://open.spotify.com/track/1ci4glvUT2LTwOtieJGyFn
2017,Gewürztraminer,Tanzverbot,https://open.spotify.com/track/5s9xETUJAYpWLGGQL44mLg
2017,Portugal. The Man,Feel It Still,https://open.spotify.com/track/6QgjcU0zLnzq5OrUoSZ3OK
2017,Shantel,Bucovina,https://open.spotify.com/track/5cBHEbHIhZ6o4xkVqnxygC
2017,Skolka,Gemma Gemma!,https://open.spotify.com/track/11bLdYQoQYA1OevFqE9lmj
2017,Ti.po.ta & Manu Chao & Klelia Renesi,Moonlight Avenue,https://open.spotify.com/track/5e17Iwey60e1MWX2B5UfZu
2017,Wicked Dub Division & North East Ska Jazz Orchestra,Mama,https://open.spotify.com/track/0Qnkk8hekvQk6dzFcfMgiY
2018,Alela Diane,The Pirate's Gospel,https://open.spotify.com/track/5azaaeLKtKevqs8u1XHRHI
2018,Altin Gün,Goca Dünya,https://open.spotify.com/track/5QO3UJc1gF1ummP75n2b3R
2018,Botticelli Baby,Hold On,https://open.spotify.com/track/6XBqOcM4SfMiMutvChNTCm
2018,Buntspecht,Brennnesseln,https://open.spotify.com/track/2DkBJDXw0mN5xL0WLs4Y4R
2018,Cari Cari,Summer Sun,https://open.spotify.com/track/7M84cj9ecjE8aIBtBuxvUE
2018,filous & klei,Bicycle,https://open.spotify.com/track/2HNfxD7Vfb0sw4BnWGNVwN
2018,Meute,Hey Hey,https://open.spotify.com/track/5Ix1TtnsaCMcDjn3WAKYQE
2018,Onda Vaga & Francisco el Hombre,A Minha Menina,https://open.spotify.com/track/7DgGyXLhiwZb2RjB1ErAl8
2018,RasgaRasga,Kitty Catty Bro,https://open.spotify.com/track/6RSkxV0ue2hQwDeUDkOGcC
2018,Steiner & Madlaina,Das schöne Leben,https://open.spotify.com/track/5i7wiD9ywjg0EkRwzHjE42
2019,1.Cuz & Greekazo & Yei Gonzalez,Försent,https://open.spotify.com/track/6mDcLPGVCmdhMN4gBzNb7s
2019,Alice Merton,No Roots,https://open.spotify.com/track/7DFSnCBYlus7i4U9KKlbdU
2019,Bessoso,Para Decir Que Te Quiero,https://open.spotify.com/track/2XGGXRqolcdrSoEZa7RfV7
2019,Billie Eilish,bad guy,https://open.spotify.com/track/2Fxmhks0bxGSBdJ92vM42m
2019,Buntspecht,Rotweinmund,https://open.spotify.com/track/41SkocnNvVVA5svRT9vo0m
2019,girl in red,bad idea!,https://open.spotify.com/track/1M4Ud66z18wuIq3oOxqVHa
2019,Jazz Band Młynarski-Masecki,Czy Pani tańczy rumbę?,https://open.spotify.com/track/4dNzoQRuxZTtDbB0kdAbu0
2019,Labadessa,Colline Di Jeans,https://open.spotify.com/track/3mwg9RVZRTIxOFYNkZVIYT
2019,Laid Blak & Tanya Lacey,It's a Pity,https://open.spotify.com/track/5zaZd8RgK1zxxi6d2FkdB1
2019,Lola Marsh,Only For A Moment,https://open.spotify.com/track/5M306C6g4kpkzDXGfzjUgC
2019,Los Wembler's de Iquitos,Lamento Selvatico,https://open.spotify.com/track/1DWtvWxvFeyiZDbSxCHrSK
2019,Lyon Hansen,Monkey,https://open.spotify.com/track/14opZvEBcni06skB915z9j
2019,Magnolia Puzzle & Anis & Mars,Lady Luck,https://open.spotify.com/track/5O3r1Xqy4qmnX3bvGPCjpk
2019,Maluks,Comboi,https://open.spotify.com/track/4W4vsvKO1ge80lrjYfDRaX
2019,Monobrother,Solodarität,https://open.spotify.com/track/2ahnY1GXowf4tdbus0kD8s
2019,Mungo's Hi Fi & Eva Lazarus,Gasoline,https://open.spotify.com/track/1RxcidVd2efVGzjH4mWE0t
2019,Pinduca,Mistura de Carimbo Com Ciranda,https://open.spotify.com/track/4y4vVGpG0yFSIIhAqosMfi
2019,SAINt JHN & Imanbek,Roses,https://open.spotify.com/track/1B9q3WuC4HAtBUSTRVOkYH
2019,the Garifuna Collective,Hamala (Let Him Fly),https://open.spotify.com/track/4X9JAIq9IgPBxcAhvaqYdZ
2019,Tones And I,Dance Monkey,https://open.spotify.com/track/1rgnBhdG2JDFTbYkYRZAku
2019,Wilson Simonal,Walk Right In,https://open.spotify.com/track/7lnqchDCfb8rE3qMfWkgNT
2019,Yumi Zouma,Bruise,https://open.spotify.com/track/6vJFWet1sMnWrKE8dDmfGG
2020,[dunkelbunt],Zot O Zot,https://open.spotify.com/track/7vQCJEDCeo2btH6Xvu12oU
2020,[dunkelbunt] & Lisa Cantabile,Fame,https://open.spotify.com/track/6HRDe1E5eZ7EaSZsWSPKh1
2020,13 Street Family,Que Será Será,https://open.spotify.com/track/4BM234MrD1YoK5w5R5YNlo
2020,Alex Kapranos & Clara Luciani,Summer Wine,https://open.spotify.com/track/0Cy33Hp1fWGmfzMQes5QlP
2020,Alicia Keys,Underdog,https://open.spotify.com/track/3FGiFUJRRp5RGikVrs6kig
2020,Ätna,Made By Desire,https://open.spotify.com/track/623sUo6dzA91SZEghoUAXM
2020,Ava Max,Kings & Queens,https://open.spotify.com/track/7a53HqqArd4b9NF4XAmlbI
2020,Doja Cat,Boss Bitch,https://open.spotify.com/track/45vj4VW6ZOPEBqbir4kgdH
2020,Dom La Nena & Rosemary Standley & Birds on a Wire,Duhont'ar ar Mané,https://open.spotify.com/track/7mnLJ93bNsHY1UTDWZoC5t
2020,FlexFab & Ziller Bas,Sawa Sawa,https://open.spotify.com/track/3RMHgKKUAr3T6F7wBR9DrS
2020,Kamauu,Far Rockaway,https://open.spotify.com/track/2AcEZtXsn6en6Dh9CptAtQ
2020,Klangkarussell & GIVVEN,Ghostkeeper,https://open.spotify.com/track/0iRD80Z0qrzGX5Ik6lnfL0
2020,Kreiml & Samurai & Digga Mindz & DRK,Elefants Terribles,https://open.spotify.com/track/3ytOzhdHtwPmkiFEWaBk4p
2020,Kutiman,Saluf,https://open.spotify.com/track/1ULE8R1kexScRh253uXXpp
2020,Lianne La Havas,Paper Thin,https://open.spotify.com/track/7kC97zPE0PxrcItXyGdk8P
2020,Meute,Slip,https://open.spotify.com/track/6d8aj4OK9LDqRrYnScXXMb
2020,Parov Stelar & Georgia Gibbs,Tango Del Fuego,https://open.spotify.com/track/1v7XW3sjTimEUI22vSoFR1
2020,Powfu & beabadoobee,death bed (coffee for your head),https://open.spotify.com/track/7eJMfftS33KTjuF7lTsMCx
2020,Rayowa,Chance,https://open.spotify.com/track/7uoiYmPfTK6SPOYFc8htal
2020,The Big Browns & Val Douglas & Skatalites,Piel Canela,https://open.spotify.com/track/14oEV0HpcFfHefr5gwQxBm
2020,The Weeknd,Blinding Lights,https://open.spotify.com/track/0VjIjW4GlUZAMYd2vXMi3b
2020,Zebra Katz,IN IN IN,https://open.spotify.com/track/3APSXl8dTTumv9L1HHpCCV
2020,Zoufris Maracas,Mon ami mon frère,https://open.spotify.com/track/2mDgRmo5m5dopZwzSkDYTi
2021,[dunkelbunt] & Lisa Cantabile & Kadero Rai & Caramelle,Viens avec moi,https://open.spotify.com/track/2L3cOPE8h0pIg28NqzwEMF
2021,ACRAZE & Cherish,Do It To It,https://open.spotify.com/track/20on25jryn53hWghthWWW3
2021,Bruno Mars & Anderson .Paak & Silk Sonic,Leave The Door Open,https://open.spotify.com/track/02VBYrHfVwfEWXk5DXyf0T
2021,Buntspecht,Kurzes Spiel,https://open.spotify.com/track/5iXJ7gBDbcDOHLdoxuRt77
2021,Giulio Wilson & Roy Paci,Finale all'italiana,https://open.spotify.com/track/6aBsbM2CzvaRTQv1JZHxKx
2021,Hearts Hearts & OSKA,The Fan,https://open.spotify.com/track/51JHfq85paRP1I5GI2CzuK
2021,Jan Delay & Denyo,SPASS,https://open.spotify.com/track/1CR8wfw2mZRLwnIKBNeNia
2021,Nina Simone & Sofi Tukker,Sinnerman,https://open.spotify.com/track/6Au1l0egQFYxbnCZxakoOL
2021,Noemi & Carl Brave,Makumba,https://open.spotify.com/track/2opRyiaqpnQCH0jfCY9Wjd
2021,Rumbo Tumba & El Búho,Cañaveral,https://open.spotify.com/track/1f3bamyBHYwmogJ2UZVqgQ
2021,Sarettii,Som Dom,https://open.spotify.com/track/7rwijx2xejRaPkEXUftI11
2021,SQÜRL & Madeline Follin,Funnel Of Love,https://open.spotify.com/track/4ECNz6fw2rbJl9e7hPrU9V
2021,The Roop,Discoteque,https://open.spotify.com/track/7dMOzsTZOUtOF7W5kLN0gf
2021,Turma do Pagode & Grupo Menos É Mais,Bebe e Vem Me Procurar / Quem Ama Sente Saudade (Ao Vivo),https://open.spotify.com/track/1N19UVD4GRBFT6UrDaX6rk
2021,Yasmine Hamdan,Hal,https://open.spotify.com/track/4XKa9OYTTjouOqdi0drp3F
2022,Armani White,BILLIE EILISH.,https://open.spotify.com/track/27ZZdyTSQWI7Cug2d2PkqV
2022,bbno$,chipotle,https://open.spotify.com/track/5BOtcyDwMPNAU9O0RX2CbJ
2022,Hania Rani & Ólafur Arnalds,Woven Song,https://open.spotify.com/track/1wb6pRSvhekFyXO5j3fXol
2022,Harry Styles,As It Was,https://open.spotify.com/track/4Dvkj6JhhA12EX05fT7y2e
2022,Hov1,Nåt i vattnet,https://open.spotify.com/track/7dIHE7NhkIDUAKDPOtjLGa
2022,Stromae,Mauvaise journée,https://open.spotify.com/track/6hD8HjbMhmDaDUYe5XARTH
2022,The Bongo Hop & Dafuniks,The Red Hill,https://open.spotify.com/track/7qiI19oweEFsn9DsJtex92
2022,venbee & goddard.,messy in heaven,https://open.spotify.com/track/5RobAV5ROH5KARimi7n3cO
2023,Alfa,bellissimissima <3,https://open.spotify.com/track/2JnhaRQzg4RPJ22QDIB5RE
2023,Billie Eilish,What Was I Made For?,https://open.spotify.com/track/6wf7Yu7cxBSPrRlWeSeK0Q
2023,David Kushner,Daylight,https://open.spotify.com/track/1odExI7RdWc4BT515LTAwj
2023,Declan McKenna,Sympathy,https://open.spotify.com/track/4QrELCnvQ8W1JGwVLVOi9s
2023,Einár,Du & Jag,https://open.spotify.com/track/1fOZciVVoZ1RqpuO5i2hbU
2023,Future Utopia & Kae Tempest,We Were We Still Are,https://open.spotify.com/track/6UtZhGeeshz7mi219Y9XKe
2023,Hearts Hearts,STOP BEING POOR!,https://open.spotify.com/track/6Nf9B4ktWXeygUQVkAkO9w
2023,Meute,Sail,https://open.spotify.com/track/6AXDGcFeNcBvwsk4NRIASB
2023,Nura,Bella,https://open.spotify.com/track/3ex1721rtFrwbyk92h7dBH
2023,Peaceful Melody & soave lofi,Heat Waves,https://open.spotify.com/track/6LbKeDn3ywGp9IgqONpMjW
2023,Róisín Murphy,CooCool,https://open.spotify.com/track/0C8jkmcNV7VxyHemnI917F
2023,Sam Smith & Kim Petras,Unholy,https://open.spotify.com/track/0NZPBYD5qbEWRs3PrGiRkT
2023,Sandrayati & Ólafur Arnalds,Vast,https://open.spotify.com/track/3zeMHlSsmxidNhLr11wcUN
2023,Shakira & Fuerza Regida,El Jefe,https://open.spotify.com/track/5wjsJIUf6pdrwauPDae43o
2023,The Cat Empire,Money Coming My Way,https://open.spotify.com/track/5s6KKvr41m02j8yJDqHh6h
2023,The Swing Bot,Flowers,https://open.spotify.com/track/4eMhD4Es7d1GkeNYmpV2km
2023,Wamdue Project & Roy Malone,King of My Castle,https://open.spotify.com/track/5ov3LhsdEifKENMIlLCuJo
2023,Xenia Manasseh & Kaien Cruz,I Lay,https://open.spotify.com/track/3OfnodXWoUyR7bgKckTe5p
2024,Alex Warren,Ordinary,https://open.spotify.com/track/2RkZ5LkEzeHGRsmDqKwmaJ
2024,alyona alyona & Jerry Heil,Teresa & Maria,https://open.spotify.com/track/7n3Czk07KugPQOWuqCHDmF
2024,Benson Boone,Beautiful Things,https://open.spotify.com/track/3xkHsmpQCBMytMJNiDf3Ii
2024,Dons,Hollow,https://open.spotify.com/track/6lvDhgHLeC9wBOOVKGCfJi
2024,Gigi Perez,Sailor Song,https://open.spotify.com/track/2262bWmqomIaJXwCRHr13j
2024,Hot Chip & Sleaford Mods,Nom Nom Nom,https://open.spotify.com/track/6ERT8hKy0fBbTLebsjnDu5
2024,Jeymes Samuel & Doja Cat & Kodak Black & Adekunle Gold,JEEZU,https://open.spotify.com/track/2tHD1q2MnjtlLu7M75KWtb
2024,Marcus & Martinus,Unforgettable,https://open.spotify.com/track/5L8C1PZGCpZf8STcN79H5j
2024,Noga Erez,DUMB,https://open.spotify.com/track/2Pul6SaLL8e0sQhJDBVOr1
2024,RIAN,Verwandtschaftstreffen,https://open.spotify.com/track/69yw1KhYUuGwUbOImS0jju
2024,ROSÉ & Bruno Mars,APT.,https://open.spotify.com/track/4wJ5Qq0jBN4ajy7ouZIV1c
2024,Tiavo,maria mag nur kaviar,https://open.spotify.com/track/6YnmTCsrOAKAplfn8Wu7w5
2025,Alfa & Manu Chao,A me mi piace,https://open.spotify.com/track/1HOkC1UCYVIWfnu6KD9Hca
2025,Caravan of LUV,V Is For LoVe,https://open.spotify.com/track/4SSxMh5C1LId0LktxCx7tT
2025,Ida-Lova,Svagare än jag,https://open.spotify.com/track/5xsHQu1SXYS6DYOJwIWhSC
2025,Lucio Corsi,Volevo essere un duro,https://open.spotify.com/track/5sFbAYktReH4AJbATsGAw8
2025,sombr,back to friends,https://open.spotify.com/track/7qjZnBKE73H4Oxkopwulqe
